SHAPE_ID,MBTA_ROUTE,MBTA_VARIA,MBTA_ROU_1,CTPS_ROUTE,CTPS_ROU_1,DIRECTION,ROUTE_DESC,TRIP_HEADS,CTPS_ROU_2,SHAPE_LEN,SEQUENCE,LATITUDE,LONGITUDE
040007,"   04",1,"   04_1",4,4,0,Route 04_1 outbound,North Station,4100,3957.294852,0,42.345170729001,-71.0320047456822
040007,"   04",1,"   04_1",4,4,0,Route 04_1 outbound,North Station,4100,3957.294852,1,42.3455994333725,-71.0329604477197
040007,"   04",1,"   04_1",4,4,0,Route 04_1 outbound,North Station,4100,3957.294852,2,42.3461464648577,-71.0341555249719
040007,"   04",1,"   04_1",4,4,0,Route 04_1 outbound,North Station,4100,3957.294852,3,42.3465030138363,-71.0349092252629
040007,"   04",1,"   04_1",4,4,0,Route 04_1 outbound,North Station,4100,3957.294852,4,42.3465532394195,-71.0350153978839
040007,"   04",1,"   04_1",4,4,0,Route 04_1 outbound,North Station,4100,3957.294852,5,42.3466915996445,-71.0351270217467
040007,"   04",1,"   04_1",4,4,0,Route 04_1 outbound,North Station,4100,3957.294852,6,42.3468037041378,-71.035220966621
040007,"   04",1,"   04_1",4,4,0,Route 04_1 outbound,North Station,4100,3957.294852,7,42.347014120441,-71.0354106553432
040007,"   04",1,"   04_1",4,4,0,Route 04_1 outbound,North Station,4100,3957.294852,8,42.3472812649792,-71.0356425080554
040007,"   04",1,"   04_1",4,4,0,Route 04_1 outbound,North Station,4100,3957.294852,9,42.3477412223194,-71.03603810908
040007,"   04",1,"   04_1",4,4,0,Route 04_1 outbound,North Station,4100,3957.294852,10,42.3477625674497,-71.0360584285008
040007,"   04",1,"   04_1",4,4,0,Route 04_1 outbound,North Station,4100,3957.294852,11,42.3478054522772,-71.0361481919889
040007,"   04",1,"   04_1",4,4,0,Route 04_1 outbound,North Station,4100,3957.294852,12,42.3478089191725,-71.0362546255308
040007,"   04",1,"   04_1",4,4,0,Route 04_1 outbound,North Station,4100,3957.294852,13,42.3477819081347,-71.0363346676921
040007,"   04",1,"   04_1",4,4,0,Route 04_1 outbound,North Station,4100,3957.294852,14,42.3479576545253,-71.0365725088385
040007,"   04",1,"   04_1",4,4,0,Route 04_1 outbound,North Station,4100,3957.294852,15,42.3483373626985,-71.0375674603652
040007,"   04",1,"   04_1",4,4,0,Route 04_1 outbound,North Station,4100,3957.294852,16,42.3488907589906,-71.0389077006766
040007,"   04",1,"   04_1",4,4,0,Route 04_1 outbound,North Station,4100,3957.294852,17,42.349164496594,-71.0395454792256
040007,"   04",1,"   04_1",4,4,0,Route 04_1 outbound,North Station,4100,3957.294852,18,42.3496494221038,-71.0407225005721
040007,"   04",1,"   04_1",4,4,0,Route 04_1 outbound,North Station,4100,3957.294852,19,42.3499095223202,-71.0413556708295
040007,"   04",1,"   04_1",4,4,0,Route 04_1 outbound,North Station,4100,3957.294852,20,42.3504994643304,-71.0427918355754
040007,"   04",1,"   04_1",4,4,0,Route 04_1 outbound,North Station,4100,3957.294852,21,42.350578827797,-71.0429428715452
040007,"   04",1,"   04_1",4,4,0,Route 04_1 outbound,North Station,4100,3957.294852,22,42.3508072976925,-71.0433629623141
040007,"   04",1,"   04_1",4,4,0,Route 04_1 outbound,North Station,4100,3957.294852,23,42.3511027260792,-71.0439055737234
040007,"   04",1,"   04_1",4,4,0,Route 04_1 outbound,North Station,4100,3957.294852,24,42.3512197286018,-71.0438217126899
040007,"   04",1,"   04_1",4,4,0,Route 04_1 outbound,North Station,4100,3957.294852,25,42.3512755778525,-71.0437778094268
040007,"   04",1,"   04_1",4,4,0,Route 04_1 outbound,North Station,4100,3957.294852,26,42.351340673617,-71.0437535518345
040007,"   04",1,"   04_1",4,4,0,Route 04_1 outbound,North Station,4100,3957.294852,27,42.3514058191147,-71.0437522676212
040007,"   04",1,"   04_1",4,4,0,Route 04_1 outbound,North Station,4100,3957.294852,28,42.3514625989732,-71.0437754606873
040007,"   04",1,"   04_1",4,4,0,Route 04_1 outbound,North Station,4100,3957.294852,29,42.3515325427099,-71.0438251557476
040007,"   04",1,"   04_1",4,4,0,Route 04_1 outbound,North Station,4100,3957.294852,30,42.3517588967853,-71.0440414263048
040007,"   04",1,"   04_1",4,4,0,Route 04_1 outbound,North Station,4100,3957.294852,31,42.3518931803033,-71.0441900332692
040007,"   04",1,"   04_1",4,4,0,Route 04_1 outbound,North Station,4100,3957.294852,32,42.352290824922,-71.0445732980048
040007,"   04",1,"   04_1",4,4,0,Route 04_1 outbound,North Station,4100,3957.294852,33,42.3523848068467,-71.0446788829468
040007,"   04",1,"   04_1",4,4,0,Route 04_1 outbound,North Station,4100,3957.294852,34,42.3524620572606,-71.044816214485
040007,"   04",1,"   04_1",4,4,0,Route 04_1 outbound,North Station,4100,3957.294852,35,42.3525769801476,-71.0450779864732
040007,"   04",1,"   04_1",4,4,0,Route 04_1 outbound,North Station,4100,3957.294852,36,42.3530690678977,-71.0461514854087
040007,"   04",1,"   04_1",4,4,0,Route 04_1 outbound,North Station,4100,3957.294852,37,42.3534213711863,-71.0469240833798
040007,"   04",1,"   04_1",4,4,0,Route 04_1 outbound,North Station,4100,3957.294852,38,42.3534885170607,-71.0470713348218
040007,"   04",1,"   04_1",4,4,0,Route 04_1 outbound,North Station,4100,3957.294852,39,42.3538388728897,-71.0478672435217
040007,"   04",1,"   04_1",4,4,0,Route 04_1 outbound,North Station,4100,3957.294852,40,42.3536461828926,-71.048022172176
040007,"   04",1,"   04_1",4,4,0,Route 04_1 outbound,North Station,4100,3957.294852,41,42.3532355827744,-71.0483523032723
040007,"   04",1,"   04_1",4,4,0,Route 04_1 outbound,North Station,4100,3957.294852,42,42.3531303737105,-71.0484368924862
040007,"   04",1,"   04_1",4,4,0,Route 04_1 outbound,North Station,4100,3957.294852,43,42.3531705550898,-71.0485227585566
040007,"   04",1,"   04_1",4,4,0,Route 04_1 outbound,North Station,4100,3957.294852,44,42.3531765745089,-71.0485356168661
040007,"   04",1,"   04_1",4,4,0,Route 04_1 outbound,North Station,4100,3957.294852,45,42.354321882347,-71.0507990651354
040007,"   04",1,"   04_1",4,4,0,Route 04_1 outbound,North Station,4100,3957.294852,46,42.3543871782016,-71.0509425451759
040007,"   04",1,"   04_1",4,4,0,Route 04_1 outbound,North Station,4100,3957.294852,47,42.3544925120904,-71.0510766815682
040007,"   04",1,"   04_1",4,4,0,Route 04_1 outbound,North Station,4100,3957.294852,48,42.3546027085129,-71.0512364814188
040007,"   04",1,"   04_1",4,4,0,Route 04_1 outbound,North Station,4100,3957.294852,49,42.3547556529997,-71.0514082151166
040007,"   04",1,"   04_1",4,4,0,Route 04_1 outbound,North Station,4100,3957.294852,50,42.3548572303672,-71.0515363628253
040007,"   04",1,"   04_1",4,4,0,Route 04_1 outbound,North Station,4100,3957.294852,51,42.3550052511606,-71.0517234584489
040007,"   04",1,"   04_1",4,4,0,Route 04_1 outbound,North Station,4100,3957.294852,52,42.3551360652684,-71.0518892978577
040007,"   04",1,"   04_1",4,4,0,Route 04_1 outbound,North Station,4100,3957.294852,53,42.3551534246444,-71.0519271783084
040007,"   04",1,"   04_1",4,4,0,Route 04_1 outbound,North Station,4100,3957.294852,54,42.3551752156305,-71.0519750948005
040007,"   04",1,"   04_1",4,4,0,Route 04_1 outbound,North Station,4100,3957.294852,55,42.3552163618739,-71.0520606604435
040007,"   04",1,"   04_1",4,4,0,Route 04_1 outbound,North Station,4100,3957.294852,56,42.3550657337136,-71.0522431972781
040007,"   04",1,"   04_1",4,4,0,Route 04_1 outbound,North Station,4100,3957.294852,57,42.3549294904263,-71.0524443181256
040007,"   04",1,"   04_1",4,4,0,Route 04_1 outbound,North Station,4100,3957.294852,58,42.3548217971993,-71.0526490038898
040007,"   04",1,"   04_1",4,4,0,Route 04_1 outbound,North Station,4100,3957.294852,59,42.3546632550492,-71.0529965506216
040007,"   04",1,"   04_1",4,4,0,Route 04_1 outbound,North Station,4100,3957.294852,60,42.3545437923997,-71.0532453096566
040007,"   04",1,"   04_1",4,4,0,Route 04_1 outbound,North Station,4100,3957.294852,61,42.3545018780436,-71.0533325881138
040007,"   04",1,"   04_1",4,4,0,Route 04_1 outbound,North Station,4100,3957.294852,62,42.3552337670813,-71.0540068230152
040007,"   04",1,"   04_1",4,4,0,Route 04_1 outbound,North Station,4100,3957.294852,63,42.3553528172285,-71.0541305970436
040007,"   04",1,"   04_1",4,4,0,Route 04_1 outbound,North Station,4100,3957.294852,64,42.3560705619377,-71.0548768366899
040007,"   04",1,"   04_1",4,4,0,Route 04_1 outbound,North Station,4100,3957.294852,65,42.3563445569245,-71.0551670692095
040007,"   04",1,"   04_1",4,4,0,Route 04_1 outbound,North Station,4100,3957.294852,66,42.3568763959899,-71.0557181416391
040007,"   04",1,"   04_1",4,4,0,Route 04_1 outbound,North Station,4100,3957.294852,67,42.356912563857,-71.0557590481072
040007,"   04",1,"   04_1",4,4,0,Route 04_1 outbound,North Station,4100,3957.294852,68,42.3570549793809,-71.0559192635733
040007,"   04",1,"   04_1",4,4,0,Route 04_1 outbound,North Station,4100,3957.294852,69,42.357407973447,-71.0562604550088
040007,"   04",1,"   04_1",4,4,0,Route 04_1 outbound,North Station,4100,3957.294852,70,42.3574866840554,-71.0563332517217
040007,"   04",1,"   04_1",4,4,0,Route 04_1 outbound,North Station,4100,3957.294852,71,42.3575958097757,-71.0564122809594
040007,"   04",1,"   04_1",4,4,0,Route 04_1 outbound,North Station,4100,3957.294852,72,42.3577334700669,-71.0564427317657
040007,"   04",1,"   04_1",4,4,0,Route 04_1 outbound,North Station,4100,3957.294852,73,42.358048413179,-71.0565383859351
040007,"   04",1,"   04_1",4,4,0,Route 04_1 outbound,North Station,4100,3957.294852,74,42.3584917515873,-71.0566810955612
040007,"   04",1,"   04_1",4,4,0,Route 04_1 outbound,North Station,4100,3957.294852,75,42.3585091001809,-71.05668669865
040007,"   04",1,"   04_1",4,4,0,Route 04_1 outbound,North Station,4100,3957.294852,76,42.3587701671677,-71.0567854505682
040007,"   04",1,"   04_1",4,4,0,Route 04_1 outbound,North Station,4100,3957.294852,77,42.3588753736374,-71.0568252452035
040007,"   04",1,"   04_1",4,4,0,Route 04_1 outbound,North Station,4100,3957.294852,78,42.3590428939974,-71.0568067068962
040007,"   04",1,"   04_1",4,4,0,Route 04_1 outbound,North Station,4100,3957.294852,79,42.3602297100834,-71.0571507525239
040007,"   04",1,"   04_1",4,4,0,Route 04_1 outbound,North Station,4100,3957.294852,80,42.3603124975158,-71.0571760912815
040007,"   04",1,"   04_1",4,4,0,Route 04_1 outbound,North Station,4100,3957.294852,81,42.3603653708511,-71.0571925072011
040007,"   04",1,"   04_1",4,4,0,Route 04_1 outbound,North Station,4100,3957.294852,82,42.3612384100878,-71.0574635757995
040007,"   04",1,"   04_1",4,4,0,Route 04_1 outbound,North Station,4100,3957.294852,83,42.3615226084335,-71.0576063692786
040007,"   04",1,"   04_1",4,4,0,Route 04_1 outbound,North Station,4100,3957.294852,84,42.3617834034055,-71.0577512347666
040007,"   04",1,"   04_1",4,4,0,Route 04_1 outbound,North Station,4100,3957.294852,85,42.3620073104978,-71.0579518197111
040007,"   04",1,"   04_1",4,4,0,Route 04_1 outbound,North Station,4100,3957.294852,86,42.3622207534404,-71.0581524791653
040007,"   04",1,"   04_1",4,4,0,Route 04_1 outbound,North Station,4100,3957.294852,87,42.3624870254889,-71.0583900699758
040007,"   04",1,"   04_1",4,4,0,Route 04_1 outbound,North Station,4100,3957.294852,88,42.3625910766371,-71.0585010290703
040007,"   04",1,"   04_1",4,4,0,Route 04_1 outbound,North Station,4100,3957.294852,89,42.3626893251624,-71.0586480788213
040007,"   04",1,"   04_1",4,4,0,Route 04_1 outbound,North Station,4100,3957.294852,90,42.3627877063984,-71.0588309485214
040007,"   04",1,"   04_1",4,4,0,Route 04_1 outbound,North Station,4100,3957.294852,91,42.3628650506883,-71.0590573683342
040007,"   04",1,"   04_1",4,4,0,Route 04_1 outbound,North Station,4100,3957.294852,92,42.3628774836585,-71.0590937601054
040007,"   04",1,"   04_1",4,4,0,Route 04_1 outbound,North Station,4100,3957.294852,93,42.3629802474576,-71.0593799576617
040007,"   04",1,"   04_1",4,4,0,Route 04_1 outbound,North Station,4100,3957.294852,94,42.3630733979984,-71.0597536021132
040007,"   04",1,"   04_1",4,4,0,Route 04_1 outbound,North Station,4100,3957.294852,95,42.3633165828532,-71.0607212164345
040007,"   04",1,"   04_1",4,4,0,Route 04_1 outbound,North Station,4100,3957.294852,96,42.3634695828502,-71.0613135844159
040007,"   04",1,"   04_1",4,4,0,Route 04_1 outbound,North Station,4100,3957.294852,97,42.3636056509897,-71.0619220909605
040007,"   04",1,"   04_1",4,4,0,Route 04_1 outbound,North Station,4100,3957.294852,98,42.3640002932526,-71.0633685577684
040007,"   04",1,"   04_1",4,4,0,Route 04_1 outbound,North Station,4100,3957.294852,99,42.3641126403842,-71.0633588448799
040007,"   04",1,"   04_1",4,4,0,Route 04_1 outbound,North Station,4100,3957.294852,100,42.3642223869692,-71.0633696299307
040007,"   04",1,"   04_1",4,4,0,Route 04_1 outbound,North Station,4100,3957.294852,101,42.364319659727,-71.0633025506615
040007,"   04",1,"   04_1",4,4,0,Route 04_1 outbound,North Station,4100,3957.294852,102,42.3643456406208,-71.0632789315167
040007,"   04",1,"   04_1",4,4,0,Route 04_1 outbound,North Station,4100,3957.294852,103,42.364383156251,-71.0632409124401
040007,"   04",1,"   04_1",4,4,0,Route 04_1 outbound,North Station,4100,3957.294852,104,42.364435763585,-71.0631704616374
040007,"   04",1,"   04_1",4,4,0,Route 04_1 outbound,North Station,4100,3957.294852,105,42.3645465505088,-71.0629405995552
040007,"   04",1,"   04_1",4,4,0,Route 04_1 outbound,North Station,4100,3957.294852,106,42.3648520533775,-71.0623770002256
040007,"   04",1,"   04_1",4,4,0,Route 04_1 outbound,North Station,4100,3957.294852,107,42.3649256098587,-71.0621681597012
040007,"   04",1,"   04_1",4,4,0,Route 04_1 outbound,North Station,4100,3957.294852,108,42.3651095147973,-71.0617762591013
040007,"   04",1,"   04_1",4,4,0,Route 04_1 outbound,North Station,4100,3957.294852,109,42.3652794161543,-71.0614532865312
040007,"   04",1,"   04_1",4,4,0,Route 04_1 outbound,North Station,4100,3957.294852,110,42.3652794161543,-71.0614532865312
040007,"   04",1,"   04_1",4,4,0,Route 04_1 outbound,North Station,4100,3957.294852,111,42.3654546284825,-71.0611202136191
040007,"   04",1,"   04_1",4,4,0,Route 04_1 outbound,North Station,4100,3957.294852,112,42.3657125210726,-71.0606340474823
040007,"   04",1,"   04_1",4,4,0,Route 04_1 outbound,North Station,4100,3957.294852,113,42.3659549856377,-71.0601531867449
040007,"   04",1,"   04_1",4,4,0,Route 04_1 outbound,North Station,4100,3957.294852,114,42.3662132309744,-71.0597926999842
040007,"   04",1,"   04_1",4,4,0,Route 04_1 outbound,North Station,4100,3957.294852,115,42.3663983186089,-71.0594371522665
040007,"   04",1,"   04_1",4,4,0,Route 04_1 outbound,North Station,4100,3957.294852,116,42.3664740067542,-71.0592881474946
040007,"   04",1,"   04_1",4,4,0,Route 04_1 outbound,North Station,4100,3957.294852,117,42.3667236844839,-71.0588254311851
040007,"   04",1,"   04_1",4,4,0,Route 04_1 outbound,North Station,4100,3957.294852,118,42.366880723894,-71.058527259773
040007,"   04",1,"   04_1",4,4,0,Route 04_1 outbound,North Station,4100,3957.294852,119,42.3672365304789,-71.058079659922
040007,"   04",1,"   04_1",4,4,0,Route 04_1 outbound,North Station,4100,3957.294852,120,42.3676515298215,-71.0575601015219
040007,"   04",1,"   04_1",4,4,0,Route 04_1 outbound,North Station,4100,3957.294852,121,42.3677536012124,-71.0573982321474
040007,"   04",1,"   04_1",4,4,0,Route 04_1 outbound,North Station,4100,3957.294852,122,42.3678121788607,-71.0573040470395
040007,"   04",1,"   04_1",4,4,0,Route 04_1 outbound,North Station,4100,3957.294852,123,42.3680743072464,-71.0568825756598
040007,"   04",1,"   04_1",4,4,0,Route 04_1 outbound,North Station,4100,3957.294852,124,42.3682271213409,-71.0566400621654
040007,"   04",1,"   04_1",4,4,0,Route 04_1 outbound,North Station,4100,3957.294852,125,42.3682589108065,-71.0565735706129
040007,"   04",1,"   04_1",4,4,0,Route 04_1 outbound,North Station,4100,3957.294852,126,42.3682948654262,-71.0564782447799
040007,"   04",1,"   04_1",4,4,0,Route 04_1 outbound,North Station,4100,3957.294852,127,42.3683114791734,-71.0563542361174
040007,"   04",1,"   04_1",4,4,0,Route 04_1 outbound,North Station,4100,3957.294852,128,42.3683153637665,-71.0562533718818
040007,"   04",1,"   04_1",4,4,0,Route 04_1 outbound,North Station,4100,3957.294852,129,42.368308551907,-71.056149699278
040007,"   04",1,"   04_1",4,4,0,Route 04_1 outbound,North Station,4100,3957.294852,130,42.3682910267452,-71.0560374552912
040007,"   04",1,"   04_1",4,4,0,Route 04_1 outbound,North Station,4100,3957.294852,131,42.3682606270058,-71.05591089926
040007,"   04",1,"   04_1",4,4,0,Route 04_1 outbound,North Station,4100,3957.294852,132,42.3682172311242,-71.0557383352516
040007,"   04",1,"   04_1",4,4,0,Route 04_1 outbound,North Station,4100,3957.294852,133,42.3679850539903,-71.0548151240477
040007,"   04",1,"   04_1",4,4,0,Route 04_1 outbound,North Station,4100,3957.294852,134,42.3678853282228,-71.0544412818876
040007,"   04",1,"   04_1",4,4,0,Route 04_1 outbound,North Station,4100,3957.294852,135,42.3678552029445,-71.0543395457527
040007,"   04",1,"   04_1",4,4,0,Route 04_1 outbound,North Station,4100,3957.294852,136,42.367809561439,-71.0541854000364
040007,"   04",1,"   04_1",4,4,0,Route 04_1 outbound,North Station,4100,3957.294852,137,42.3677555559122,-71.054033078756
040007,"   04",1,"   04_1",4,4,0,Route 04_1 outbound,North Station,4100,3957.294852,138,42.3676562747258,-71.0537744792016
040007,"   04",1,"   04_1",4,4,0,Route 04_1 outbound,North Station,4100,3957.294852,139,42.3675251669428,-71.0534001895951
040007,"   04",1,"   04_1",4,4,0,Route 04_1 outbound,North Station,4100,3957.294852,140,42.3673712447288,-71.05299859483
040007,"   04",1,"   04_1",4,4,0,Route 04_1 outbound,North Station,4100,3957.294852,141,42.3673568560386,-71.0529600714652
040007,"   04",1,"   04_1",4,4,0,Route 04_1 outbound,North Station,4100,3957.294852,142,42.3671877340899,-71.0525072296783
040007,"   04",1,"   04_1",4,4,0,Route 04_1 outbound,North Station,4100,3957.294852,143,42.3671361544294,-71.052381287534
040007,"   04",1,"   04_1",4,4,0,Route 04_1 outbound,North Station,4100,3957.294852,144,42.3671100827815,-71.0523176289547
040007,"   04",1,"   04_1",4,4,0,Route 04_1 outbound,North Station,4100,3957.294852,145,42.3670119957428,-71.0520897136634
040007,"   04",1,"   04_1",4,4,0,Route 04_1 outbound,North Station,4100,3957.294852,146,42.3668477320621,-71.0518815627038
040007,"   04",1,"   04_1",4,4,0,Route 04_1 outbound,North Station,4100,3957.294852,147,42.3667147009127,-71.0517355687895
040007,"   04",1,"   04_1",4,4,0,Route 04_1 outbound,North Station,4100,3957.294852,148,42.3664674154932,-71.0514789334452
040007,"   04",1,"   04_1",4,4,0,Route 04_1 outbound,North Station,4100,3957.294852,149,42.3663651455556,-71.0514009662571
040007,"   04",1,"   04_1",4,4,0,Route 04_1 outbound,North Station,4100,3957.294852,150,42.3662880431202,-71.0513525329958
040007,"   04",1,"   04_1",4,4,0,Route 04_1 outbound,North Station,4100,3957.294852,151,42.3661745893812,-71.0512957162599
040007,"   04",1,"   04_1",4,4,0,Route 04_1 outbound,North Station,4100,3957.294852,152,42.366014073011,-71.0512248328489
040007,"   04",1,"   04_1",4,4,0,Route 04_1 outbound,North Station,4100,3957.294852,153,42.3658065600495,-71.0511542760038
040007,"   04",1,"   04_1",4,4,0,Route 04_1 outbound,North Station,4100,3957.294852,154,42.3656376669096,-71.0511266645969
040007,"   04",1,"   04_1",4,4,0,Route 04_1 outbound,North Station,4100,3957.294852,155,42.3654987561099,-71.0511161257162
040007,"   04",1,"   04_1",4,4,0,Route 04_1 outbound,North Station,4100,3957.294852,156,42.365389761536,-71.0511082542145
040007,"   04",1,"   04_1",4,4,0,Route 04_1 outbound,North Station,4100,3957.294852,157,42.3648277079421,-71.051069030479
040007,"   04",1,"   04_1",4,4,0,Route 04_1 outbound,North Station,4100,3957.294852,158,42.3642679731948,-71.0510758814176
040007,"   04",1,"   04_1",4,4,0,Route 04_1 outbound,North Station,4100,3957.294852,159,42.364075876955,-71.0510812921809
040007,"   04",1,"   04_1",4,4,0,Route 04_1 outbound,North Station,4100,3957.294852,160,42.3639945312011,-71.0510835836415
040007,"   04",1,"   04_1",4,4,0,Route 04_1 outbound,North Station,4100,3957.294852,161,42.3639293431846,-71.0510801688068
040007,"   04",1,"   04_1",4,4,0,Route 04_1 outbound,North Station,4100,3957.294852,162,42.3637039086039,-71.0510683602853
040007,"   04",1,"   04_1",4,4,0,Route 04_1 outbound,North Station,4100,3957.294852,163,42.362522179813,-71.0510047289437
040007,"   04",1,"   04_1",4,4,0,Route 04_1 outbound,North Station,4100,3957.294852,164,42.362494475552,-71.0510055155734
040007,"   04",1,"   04_1",4,4,0,Route 04_1 outbound,North Station,4100,3957.294852,165,42.3623285534499,-71.0510222452697
040007,"   04",1,"   04_1",4,4,0,Route 04_1 outbound,North Station,4100,3957.294852,166,42.3622425518369,-71.051070093047
040007,"   04",1,"   04_1",4,4,0,Route 04_1 outbound,North Station,4100,3957.294852,167,42.3621741210459,-71.0511013014015
040007,"   04",1,"   04_1",4,4,0,Route 04_1 outbound,North Station,4100,3957.294852,168,42.3620664768178,-71.0512006975323
040007,"   04",1,"   04_1",4,4,0,Route 04_1 outbound,North Station,4100,3957.294852,169,42.361940002373,-71.0513781866156
040007,"   04",1,"   04_1",4,4,0,Route 04_1 outbound,North Station,4100,3957.294852,170,42.3618361973112,-71.0515968661254
040007,"   04",1,"   04_1",4,4,0,Route 04_1 outbound,North Station,4100,3957.294852,171,42.361667682232,-71.0519561785432
040007,"   04",1,"   04_1",4,4,0,Route 04_1 outbound,North Station,4100,3957.294852,172,42.3614921985959,-71.0522530253505
040007,"   04",1,"   04_1",4,4,0,Route 04_1 outbound,North Station,4100,3957.294852,173,42.3614163454348,-71.0523563827683
040007,"   04",1,"   04_1",4,4,0,Route 04_1 outbound,North Station,4100,3957.294852,174,42.3612898093627,-71.0524840154648
040007,"   04",1,"   04_1",4,4,0,Route 04_1 outbound,North Station,4100,3957.294852,175,42.3610922098732,-71.0526499010815
040007,"   04",1,"   04_1",4,4,0,Route 04_1 outbound,North Station,4100,3957.294852,176,42.3609149247497,-71.0528087263054
040007,"   04",1,"   04_1",4,4,0,Route 04_1 outbound,North Station,4100,3957.294852,177,42.3605504907748,-71.0531814283068
040007,"   04",1,"   04_1",4,4,0,Route 04_1 outbound,North Station,4100,3957.294852,178,42.3604458089042,-71.0530485140288
040007,"   04",1,"   04_1",4,4,0,Route 04_1 outbound,North Station,4100,3957.294852,179,42.3603028375493,-71.0528850385461
040007,"   04",1,"   04_1",4,4,0,Route 04_1 outbound,North Station,4100,3957.294852,180,42.3602109958772,-71.0527897860195
040007,"   04",1,"   04_1",4,4,0,Route 04_1 outbound,North Station,4100,3957.294852,181,42.3600580244232,-71.0526709317864
040007,"   04",1,"   04_1",4,4,0,Route 04_1 outbound,North Station,4100,3957.294852,182,42.3599154061913,-71.0525759152574
040007,"   04",1,"   04_1",4,4,0,Route 04_1 outbound,North Station,4100,3957.294852,183,42.3597600465551,-71.0524914373811
040007,"   04",1,"   04_1",4,4,0,Route 04_1 outbound,North Station,4100,3957.294852,184,42.3595387244779,-71.052413701296
040007,"   04",1,"   04_1",4,4,0,Route 04_1 outbound,North Station,4100,3957.294852,185,42.3595208653037,-71.05240742797
040007,"   04",1,"   04_1",4,4,0,Route 04_1 outbound,North Station,4100,3957.294852,186,42.3589630706379,-71.0522439900461
040007,"   04",1,"   04_1",4,4,0,Route 04_1 outbound,North Station,4100,3957.294852,187,42.3586717138856,-71.0521563303947
040007,"   04",1,"   04_1",4,4,0,Route 04_1 outbound,North Station,4100,3957.294852,188,42.3577921799744,-71.051895622431
040007,"   04",1,"   04_1",4,4,0,Route 04_1 outbound,North Station,4100,3957.294852,189,42.3576975782981,-71.0518538072137
040007,"   04",1,"   04_1",4,4,0,Route 04_1 outbound,North Station,4100,3957.294852,190,42.3576061078517,-71.0518078427978
040007,"   04",1,"   04_1",4,4,0,Route 04_1 outbound,North Station,4100,3957.294852,191,42.357495625639,-71.0517576445318
040007,"   04",1,"   04_1",4,4,0,Route 04_1 outbound,North Station,4100,3957.294852,192,42.3573536551429,-71.0516906706865
040007,"   04",1,"   04_1",4,4,0,Route 04_1 outbound,North Station,4100,3957.294852,193,42.3571580364208,-71.0516029599295
040007,"   04",1,"   04_1",4,4,0,Route 04_1 outbound,North Station,4100,3957.294852,194,42.3569247658575,-71.0515323891761
040007,"   04",1,"   04_1",4,4,0,Route 04_1 outbound,North Station,4100,3957.294852,195,42.3566789111398,-71.051491641343
040007,"   04",1,"   04_1",4,4,0,Route 04_1 outbound,North Station,4100,3957.294852,196,42.3565466096049,-71.0514798388075
040007,"   04",1,"   04_1",4,4,0,Route 04_1 outbound,North Station,4100,3957.294852,197,42.3564143411749,-71.0514765256954
040007,"   04",1,"   04_1",4,4,0,Route 04_1 outbound,North Station,4100,3957.294852,198,42.3562663722896,-71.0514860704338
040007,"   04",1,"   04_1",4,4,0,Route 04_1 outbound,North Station,4100,3957.294852,199,42.3561153124501,-71.0515126343858
040007,"   04",1,"   04_1",4,4,0,Route 04_1 outbound,North Station,4100,3957.294852,200,42.3559643067817,-71.0515519382186
040007,"   04",1,"   04_1",4,4,0,Route 04_1 outbound,North Station,4100,3957.294852,201,42.3558385546868,-71.0516038165845
040007,"   04",1,"   04_1",4,4,0,Route 04_1 outbound,North Station,4100,3957.294852,202,42.3556908126838,-71.051672716723
040007,"   04",1,"   04_1",4,4,0,Route 04_1 outbound,North Station,4100,3957.294852,203,42.3555871107041,-71.0517456730482
040007,"   04",1,"   04_1",4,4,0,Route 04_1 outbound,North Station,4100,3957.294852,204,42.355452074853,-71.0518400942345
040007,"   04",1,"   04_1",4,4,0,Route 04_1 outbound,North Station,4100,3957.294852,205,42.355329690952,-71.0519470527877
040007,"   04",1,"   04_1",4,4,0,Route 04_1 outbound,North Station,4100,3957.294852,206,42.3552163618739,-71.0520606604435
040007,"   04",1,"   04_1",4,4,0,Route 04_1 outbound,North Station,4100,3957.294852,207,42.3550657337136,-71.0522431972781
040007,"   04",1,"   04_1",4,4,0,Route 04_1 outbound,North Station,4100,3957.294852,208,42.3549294904263,-71.0524443181256
040007,"   04",1,"   04_1",4,4,0,Route 04_1 outbound,North Station,4100,3957.294852,209,42.3548217971993,-71.0526490038898
040007,"   04",1,"   04_1",4,4,0,Route 04_1 outbound,North Station,4100,3957.294852,210,42.3546632550492,-71.0529965506216
040007,"   04",1,"   04_1",4,4,0,Route 04_1 outbound,North Station,4100,3957.294852,211,42.3545437923997,-71.0532453096566
040007,"   04",1,"   04_1",4,4,0,Route 04_1 outbound,North Station,4100,3957.294852,212,42.3545018780436,-71.0533325881138
040007,"   04",1,"   04_1",4,4,0,Route 04_1 outbound,North Station,4100,3957.294852,213,42.3543290488544,-71.0536648132322
040007,"   04",1,"   04_1",4,4,0,Route 04_1 outbound,North Station,4100,3957.294852,214,42.3541079314697,-71.0540819834733
040007,"   04",1,"   04_1",4,4,0,Route 04_1 outbound,North Station,4100,3957.294852,215,42.3540400648026,-71.0542480260198
040007,"   04",1,"   04_1",4,4,0,Route 04_1 outbound,North Station,4100,3957.294852,216,42.3539610875681,-71.0544756894796
040007,"   04",1,"   04_1",4,4,0,Route 04_1 outbound,North Station,4100,3957.294852,217,42.3536918171241,-71.0549894454933
040007,"   04",1,"   04_1",4,4,0,Route 04_1 outbound,North Station,4100,3957.294852,218,42.3533234450666,-71.0556964077284
040007,"   04",1,"   04_1",4,4,0,Route 04_1 outbound,North Station,4100,3957.294852,219,42.3532467231038,-71.055785429925
040007,"   04",1,"   04_1",4,4,0,Route 04_1 outbound,North Station,4100,3957.294852,220,42.3531129818568,-71.0558902695889
040007,"   04",1,"   04_1",4,4,0,Route 04_1 outbound,North Station,4100,3957.294852,221,42.353036316961,-71.0560178950155
040007,"   04",1,"   04_1",4,4,0,Route 04_1 outbound,North Station,4100,3957.294852,222,42.3529795956746,-71.0561106601671
040007,"   04",1,"   04_1",4,4,0,Route 04_1 outbound,North Station,4100,3957.294852,223,42.352903050475,-71.0562458035459
040007,"   04",1,"   04_1",4,4,0,Route 04_1 outbound,North Station,4100,3957.294852,224,42.3528000714029,-71.055995284757
040007,"   04",1,"   04_1",4,4,0,Route 04_1 outbound,North Station,4100,3957.294852,225,42.3526212889096,-71.0553920620612
040007,"   04",1,"   04_1",4,4,0,Route 04_1 outbound,North Station,4100,3957.294852,226,42.3524212558055,-71.0548821912266
040007,"   04",1,"   04_1",4,4,0,Route 04_1 outbound,North Station,4100,3957.294852,227,42.3518396364672,-71.0537066238648
040007,"   04",1,"   04_1",4,4,0,Route 04_1 outbound,North Station,4100,3957.294852,228,42.3516657982013,-71.053361136258
040007,"   04",1,"   04_1",4,4,0,Route 04_1 outbound,North Station,4100,3957.294852,229,42.3515002475971,-71.0529986699254
040007,"   04",1,"   04_1",4,4,0,Route 04_1 outbound,North Station,4100,3957.294852,230,42.3514314858483,-71.0528481220503
040007,"   04",1,"   04_1",4,4,0,Route 04_1 outbound,North Station,4100,3957.294852,231,42.3505678425557,-71.0509993146703
040007,"   04",1,"   04_1",4,4,0,Route 04_1 outbound,North Station,4100,3957.294852,232,42.3505140980764,-71.050882736346
040007,"   04",1,"   04_1",4,4,0,Route 04_1 outbound,North Station,4100,3957.294852,233,42.3498103658719,-71.0493562806682
040007,"   04",1,"   04_1",4,4,0,Route 04_1 outbound,North Station,4100,3957.294852,234,42.3494646109722,-71.0487472053752
040007,"   04",1,"   04_1",4,4,0,Route 04_1 outbound,North Station,4100,3957.294852,235,42.348897486386,-71.047499933915
040007,"   04",1,"   04_1",4,4,0,Route 04_1 outbound,North Station,4100,3957.294852,236,42.3481289351356,-71.0458097525179
040007,"   04",1,"   04_1",4,4,0,Route 04_1 outbound,North Station,4100,3957.294852,237,42.3479647179583,-71.0454818723533
040007,"   04",1,"   04_1",4,4,0,Route 04_1 outbound,North Station,4100,3957.294852,238,42.3479412603639,-71.0454332485181
040007,"   04",1,"   04_1",4,4,0,Route 04_1 outbound,North Station,4100,3957.294852,239,42.3472619895222,-71.0441410321672
040007,"   04",1,"   04_1",4,4,0,Route 04_1 outbound,North Station,4100,3957.294852,240,42.3470681967565,-71.0437723789223
040007,"   04",1,"   04_1",4,4,0,Route 04_1 outbound,North Station,4100,3957.294852,241,42.3470433234258,-71.043731534054
040007,"   04",1,"   04_1",4,4,0,Route 04_1 outbound,North Station,4100,3957.294852,242,42.3466515068427,-71.0429853159193
040007,"   04",1,"   04_1",4,4,0,Route 04_1 outbound,North Station,4100,3957.294852,243,42.3462331358458,-71.0422036372995
040007,"   04",1,"   04_1",4,4,0,Route 04_1 outbound,North Station,4100,3957.294852,244,42.3461673720169,-71.0420808552503
040007,"   04",1,"   04_1",4,4,0,Route 04_1 outbound,North Station,4100,3957.294852,245,42.3460637669433,-71.0419207960397
040007,"   04",1,"   04_1",4,4,0,Route 04_1 outbound,North Station,4100,3957.294852,246,42.34559951627,-71.0412062143128
040007,"   04",1,"   04_1",4,4,0,Route 04_1 outbound,North Station,4100,3957.294852,247,42.3450897472605,-71.0404181160097
040007,"   04",1,"   04_1",4,4,0,Route 04_1 outbound,North Station,4100,3957.294852,248,42.3448278105727,-71.0400131741963
040007,"   04",1,"   04_1",4,4,0,Route 04_1 outbound,North Station,4100,3957.294852,249,42.344486992916,-71.0394928488744
040007,"   04",1,"   04_1",4,4,0,Route 04_1 outbound,North Station,4100,3957.294852,250,42.344390183651,-71.0393452634152
040007,"   04",1,"   04_1",4,4,0,Route 04_1 outbound,North Station,4100,3957.294852,251,42.3441625246628,-71.0389818931464
040007,"   04",1,"   04_1",4,4,0,Route 04_1 outbound,North Station,4100,3957.294852,252,42.344264617036,-71.0389028314376
040007,"   04",1,"   04_1",4,4,0,Route 04_1 outbound,North Station,4100,3957.294852,253,42.3444433416513,-71.0386707459509
040007,"   04",1,"   04_1",4,4,0,Route 04_1 outbound,North Station,4100,3957.294852,254,42.3445193379299,-71.0385017446054
040007,"   04",1,"   04_1",4,4,0,Route 04_1 outbound,North Station,4100,3957.294852,255,42.3445725117388,-71.0383061224494
040007,"   04",1,"   04_1",4,4,0,Route 04_1 outbound,North Station,4100,3957.294852,256,42.3446056462998,-71.0380723627225
040007,"   04",1,"   04_1",4,4,0,Route 04_1 outbound,North Station,4100,3957.294852,257,42.3446188625921,-71.0378272601387
040007,"   04",1,"   04_1",4,4,0,Route 04_1 outbound,North Station,4100,3957.294852,258,42.3446245820557,-71.0374681152877
040007,"   04",1,"   04_1",4,4,0,Route 04_1 outbound,North Station,4100,3957.294852,259,42.3446253356533,-71.0373801820427
040007,"   04",1,"   04_1",4,4,0,Route 04_1 outbound,North Station,4100,3957.294852,260,42.3446291892914,-71.0369305137364
040007,"   04",1,"   04_1",4,4,0,Route 04_1 outbound,North Station,4100,3957.294852,261,42.3446311912478,-71.036811977273
040007,"   04",1,"   04_1",4,4,0,Route 04_1 outbound,North Station,4100,3957.294852,262,42.3446707200274,-71.0344696268036
040007,"   04",1,"   04_1",4,4,0,Route 04_1 outbound,North Station,4100,3957.294852,263,42.3446728958359,-71.0343406250742
040007,"   04",1,"   04_1",4,4,0,Route 04_1 outbound,North Station,4100,3957.294852,264,42.344710833415,-71.0321233693771
040007,"   04",1,"   04_1",4,4,0,Route 04_1 outbound,North Station,4100,3957.294852,265,42.345086594562,-71.0318171904231
040007,"   04",1,"   04_1",4,4,0,Route 04_1 outbound,North Station,4100,3957.294852,266,42.3451367587319,-71.031929019044
040007,"   04",1,"   04_1",4,4,0,Route 04_1 outbound,North Station,4100,3957.294852,267,42.345170729001,-71.0320047456822
7420007,"  742",3,"  742_3",742,742,0,Route 742_3 outbound,Drydock,742300,3267.594118,0,42.352616309404,-71.0552765839177
7420007,"  742",3,"  742_3",742,742,0,Route 742_3 outbound,Drydock,742300,3267.594118,1,42.3527486623027,-71.0550173472896
7420007,"  742",3,"  742_3",742,742,0,Route 742_3 outbound,Drydock,742300,3267.594118,2,42.3528781557536,-71.0547463718717
7420007,"  742",3,"  742_3",742,742,0,Route 742_3 outbound,Drydock,742300,3267.594118,3,42.3529851830236,-71.0544861740862
7420007,"  742",3,"  742_3",742,742,0,Route 742_3 outbound,Drydock,742300,3267.594118,4,42.3531530970546,-71.0541111853686
7420007,"  742",3,"  742_3",742,742,0,Route 742_3 outbound,Drydock,742300,3267.594118,5,42.3532748727988,-71.0537367106664
7420007,"  742",3,"  742_3",742,742,0,Route 742_3 outbound,Drydock,742300,3267.594118,6,42.3533431126119,-71.053487023968
7420007,"  742",3,"  742_3",742,742,0,Route 742_3 outbound,Drydock,742300,3267.594118,7,42.3534060921984,-71.0530751067523
7420007,"  742",3,"  742_3",742,742,0,Route 742_3 outbound,Drydock,742300,3267.594118,8,42.3534368754443,-71.0525904145063
7420007,"  742",3,"  742_3",742,742,0,Route 742_3 outbound,Drydock,742300,3267.594118,9,42.3534339600293,-71.0518417024754
7420007,"  742",3,"  742_3",742,742,0,Route 742_3 outbound,Drydock,742300,3267.594118,10,42.353345958316,-71.051326849293
7420007,"  742",3,"  742_3",742,742,0,Route 742_3 outbound,Drydock,742300,3267.594118,11,42.3529676230634,-71.0486842612596
7420007,"  742",3,"  742_3",742,742,0,Route 742_3 outbound,Drydock,742300,3267.594118,12,42.3528508849121,-71.0480442592162
7420007,"  742",3,"  742_3",742,742,0,Route 742_3 outbound,Drydock,742300,3267.594118,13,42.3526143070878,-71.047408151244
7420007,"  742",3,"  742_3",742,742,0,Route 742_3 outbound,Drydock,742300,3267.594118,14,42.352384937361,-71.0468886318743
7420007,"  742",3,"  742_3",742,742,0,Route 742_3 outbound,Drydock,742300,3267.594118,15,42.3514932955232,-71.0449665765035
7420007,"  742",3,"  742_3",742,742,0,Route 742_3 outbound,Drydock,742300,3267.594118,16,42.3513240444735,-71.0447010163861
7420007,"  742",3,"  742_3",742,742,0,Route 742_3 outbound,Drydock,742300,3267.594118,17,42.3512197955772,-71.0445681468992
7420007,"  742",3,"  742_3",742,742,0,Route 742_3 outbound,Drydock,742300,3267.594118,18,42.3510755911739,-71.0444226902002
7420007,"  742",3,"  742_3",742,742,0,Route 742_3 outbound,Drydock,742300,3267.594118,19,42.3506633504801,-71.044097810228
7420007,"  742",3,"  742_3",742,742,0,Route 742_3 outbound,Drydock,742300,3267.594118,20,42.3506096867477,-71.0440796523271
7420007,"  742",3,"  742_3",742,742,0,Route 742_3 outbound,Drydock,742300,3267.594118,21,42.3493134055461,-71.0439017803826
7420007,"  742",3,"  742_3",742,742,0,Route 742_3 outbound,Drydock,742300,3267.594118,22,42.3490545074676,-71.0437436469364
7420007,"  742",3,"  742_3",742,742,0,Route 742_3 outbound,Drydock,742300,3267.594118,23,42.3488457845469,-71.0435050621746
7420007,"  742",3,"  742_3",742,742,0,Route 742_3 outbound,Drydock,742300,3267.594118,24,42.3486509123402,-71.0433175313189
7420007,"  742",3,"  742_3",742,742,0,Route 742_3 outbound,Drydock,742300,3267.594118,25,42.348473098439,-71.0430875959084
7420007,"  742",3,"  742_3",742,742,0,Route 742_3 outbound,Drydock,742300,3267.594118,26,42.3482986158888,-71.0427369353668
7420007,"  742",3,"  742_3",742,742,0,Route 742_3 outbound,Drydock,742300,3267.594118,27,42.3482582622699,-71.0426333185034
7420007,"  742",3,"  742_3",742,742,0,Route 742_3 outbound,Drydock,742300,3267.594118,28,42.348032303064,-71.0419731216238
7420007,"  742",3,"  742_3",742,742,0,Route 742_3 outbound,Drydock,742300,3267.594118,29,42.347512987106,-71.0407169623475
7420007,"  742",3,"  742_3",742,742,0,Route 742_3 outbound,Drydock,742300,3267.594118,30,42.3474188500526,-71.0404707633696
7420007,"  742",3,"  742_3",742,742,0,Route 742_3 outbound,Drydock,742300,3267.594118,31,42.3473329188648,-71.0402502874469
7420007,"  742",3,"  742_3",742,742,0,Route 742_3 outbound,Drydock,742300,3267.594118,32,42.3472429893597,-71.0400157116803
7420007,"  742",3,"  742_3",742,742,0,Route 742_3 outbound,Drydock,742300,3267.594118,33,42.3471849866736,-71.0398563154579
7420007,"  742",3,"  742_3",742,742,0,Route 742_3 outbound,Drydock,742300,3267.594118,34,42.3471537747794,-71.0397018839122
7420007,"  742",3,"  742_3",742,742,0,Route 742_3 outbound,Drydock,742300,3267.594118,35,42.3471416962267,-71.0395228482238
7420007,"  742",3,"  742_3",742,742,0,Route 742_3 outbound,Drydock,742300,3267.594118,36,42.3471368709137,-71.0393619781136
7420007,"  742",3,"  742_3",742,742,0,Route 742_3 outbound,Drydock,742300,3267.594118,37,42.3471377191241,-71.0388451947397
7420007,"  742",3,"  742_3",742,742,0,Route 742_3 outbound,Drydock,742300,3267.594118,38,42.3471380854199,-71.0386220853026
7420007,"  742",3,"  742_3",742,742,0,Route 742_3 outbound,Drydock,742300,3267.594118,39,42.34714840641,-71.0381675143754
7420007,"  742",3,"  742_3",742,742,0,Route 742_3 outbound,Drydock,742300,3267.594118,40,42.3471473536299,-71.0379054735971
7420007,"  742",3,"  742_3",742,742,0,Route 742_3 outbound,Drydock,742300,3267.594118,41,42.3471470080374,-71.0378194867467
7420007,"  742",3,"  742_3",742,742,0,Route 742_3 outbound,Drydock,742300,3267.594118,42,42.3471468434596,-71.0377785437487
7420007,"  742",3,"  742_3",742,742,0,Route 742_3 outbound,Drydock,742300,3267.594118,43,42.3471436787695,-71.0377458076255
7420007,"  742",3,"  742_3",742,742,0,Route 742_3 outbound,Drydock,742300,3267.594118,44,42.3471374391841,-71.0377049150849
7420007,"  742",3,"  742_3",742,742,0,Route 742_3 outbound,Drydock,742300,3267.594118,45,42.347115949787,-71.0376477483023
7420007,"  742",3,"  742_3",742,742,0,Route 742_3 outbound,Drydock,742300,3267.594118,46,42.3468134663628,-71.037059294089
7420007,"  742",3,"  742_3",742,742,0,Route 742_3 outbound,Drydock,742300,3267.594118,47,42.3475845005053,-71.03634020927
7420007,"  742",3,"  742_3",742,742,0,Route 742_3 outbound,Drydock,742300,3267.594118,48,42.3475629370287,-71.0362646183147
7420007,"  742",3,"  742_3",742,742,0,Route 742_3 outbound,Drydock,742300,3267.594118,49,42.3475624415707,-71.0361417836713
7420007,"  742",3,"  742_3",742,742,0,Route 742_3 outbound,Drydock,742300,3267.594118,50,42.3475471954328,-71.0360555086457
7420007,"  742",3,"  742_3",742,742,0,Route 742_3 outbound,Drydock,742300,3267.594118,51,42.3475108169841,-71.0359927469775
7420007,"  742",3,"  742_3",742,742,0,Route 742_3 outbound,Drydock,742300,3267.594118,52,42.3472212490351,-71.0357496176695
7420007,"  742",3,"  742_3",742,742,0,Route 742_3 outbound,Drydock,742300,3267.594118,53,42.3469302819426,-71.035478966528
7420007,"  742",3,"  742_3",742,742,0,Route 742_3 outbound,Drydock,742300,3267.594118,54,42.346789146999,-71.0353463097367
7420007,"  742",3,"  742_3",742,742,0,Route 742_3 outbound,Drydock,742300,3267.594118,55,42.3466782615705,-71.0352438916705
7420007,"  742",3,"  742_3",742,742,0,Route 742_3 outbound,Drydock,742300,3267.594118,56,42.3466365799536,-71.0351815805019
7420007,"  742",3,"  742_3",742,742,0,Route 742_3 outbound,Drydock,742300,3267.594118,57,42.3466308318583,-71.0351794235859
7420007,"  742",3,"  742_3",742,742,0,Route 742_3 outbound,Drydock,742300,3267.594118,58,42.3465532394195,-71.0350153978839
7420007,"  742",3,"  742_3",742,742,0,Route 742_3 outbound,Drydock,742300,3267.594118,59,42.3465030138363,-71.0349092252629
7420007,"  742",3,"  742_3",742,742,0,Route 742_3 outbound,Drydock,742300,3267.594118,60,42.3461464648577,-71.0341555249719
7420007,"  742",3,"  742_3",742,742,0,Route 742_3 outbound,Drydock,742300,3267.594118,61,42.3455994333725,-71.0329604477197
7420007,"  742",3,"  742_3",742,742,0,Route 742_3 outbound,Drydock,742300,3267.594118,62,42.345170729001,-71.0320047456822
7420007,"  742",3,"  742_3",742,742,0,Route 742_3 outbound,Drydock,742300,3267.594118,63,42.3451367587319,-71.031929019044
7420007,"  742",3,"  742_3",742,742,0,Route 742_3 outbound,Drydock,742300,3267.594118,64,42.345086594562,-71.0318171904231
7420007,"  742",3,"  742_3",742,742,0,Route 742_3 outbound,Drydock,742300,3267.594118,65,42.344710833415,-71.0321233693771
7420007,"  742",3,"  742_3",742,742,0,Route 742_3 outbound,Drydock,742300,3267.594118,66,42.3446728958359,-71.0343406250742
7420007,"  742",3,"  742_3",742,742,0,Route 742_3 outbound,Drydock,742300,3267.594118,67,42.3444577462926,-71.0343266681132
7420007,"  742",3,"  742_3",742,742,0,Route 742_3 outbound,Drydock,742300,3267.594118,68,42.34388429416,-71.0343081333886
7420007,"  742",3,"  742_3",742,742,0,Route 742_3 outbound,Drydock,742300,3267.594118,69,42.3438763521176,-71.0353120133874
7420007,"  742",3,"  742_3",742,742,0,Route 742_3 outbound,Drydock,742300,3267.594118,70,42.3438546271964,-71.0367407947811
7420007,"  742",3,"  742_3",742,742,0,Route 742_3 outbound,Drydock,742300,3267.594118,71,42.343976127175,-71.0370641887702
7420007,"  742",3,"  742_3",742,742,0,Route 742_3 outbound,Drydock,742300,3267.594118,72,42.3440459661068,-71.037150153271
7420007,"  742",3,"  742_3",742,742,0,Route 742_3 outbound,Drydock,742300,3267.594118,73,42.3441558440238,-71.0372214159708
7420007,"  742",3,"  742_3",742,742,0,Route 742_3 outbound,Drydock,742300,3267.594118,74,42.3442999419425,-71.0372649015675
7420007,"  742",3,"  742_3",742,742,0,Route 742_3 outbound,Drydock,742300,3267.594118,75,42.3445258972862,-71.0370730793388
7420007,"  742",3,"  742_3",742,742,0,Route 742_3 outbound,Drydock,742300,3267.594118,76,42.3446291892914,-71.0369305137364
7420007,"  742",3,"  742_3",742,742,0,Route 742_3 outbound,Drydock,742300,3267.594118,77,42.3446311912478,-71.036811977273
7420007,"  742",3,"  742_3",742,742,0,Route 742_3 outbound,Drydock,742300,3267.594118,78,42.3446707200274,-71.0344696268036
7420007,"  742",3,"  742_3",742,742,0,Route 742_3 outbound,Drydock,742300,3267.594118,79,42.3446707200274,-71.0344696268036
7420007,"  742",3,"  742_3",742,742,0,Route 742_3 outbound,Drydock,742300,3267.594118,80,42.3446728958359,-71.0343406250742
7420007,"  742",3,"  742_3",742,742,0,Route 742_3 outbound,Drydock,742300,3267.594118,81,42.344710833415,-71.0321233693771
7420007,"  742",3,"  742_3",742,742,0,Route 742_3 outbound,Drydock,742300,3267.594118,82,42.3447291871671,-71.0308861116633
7420007,"  742",3,"  742_3",742,742,0,Route 742_3 outbound,Drydock,742300,3267.594118,83,42.3447657511657,-71.0284186107929
7420007,"  742",3,"  742_3",742,742,0,Route 742_3 outbound,Drydock,742300,3267.594118,84,42.3447787482536,-71.0275406222792
7420007,"  742",3,"  742_3",742,742,0,Route 742_3 outbound,Drydock,742300,3267.594118,85,42.3447641171999,-71.0274316549992
7420007,"  742",3,"  742_3",742,742,0,Route 742_3 outbound,Drydock,742300,3267.594118,86,42.3447379351316,-71.0273520040851
7420007,"  742",3,"  742_3",742,742,0,Route 742_3 outbound,Drydock,742300,3267.594118,87,42.3447034696844,-71.0272892856386
7420007,"  742",3,"  742_3",742,742,0,Route 742_3 outbound,Drydock,742300,3267.594118,88,42.3446389054189,-71.0272088039119
7420007,"  742",3,"  742_3",742,742,0,Route 742_3 outbound,Drydock,742300,3267.594118,89,42.3445945628631,-71.0271776370326
7420007,"  742",3,"  742_3",742,742,0,Route 742_3 outbound,Drydock,742300,3267.594118,90,42.344556083641,-71.0271531886485
7420007,"  742",3,"  742_3",742,742,0,Route 742_3 outbound,Drydock,742300,3267.594118,91,42.3445143223458,-71.0271400041133
7420007,"  742",3,"  742_3",742,742,0,Route 742_3 outbound,Drydock,742300,3267.594118,92,42.3444475606168,-71.0271348864285
7420007,"  742",3,"  742_3",742,742,0,Route 742_3 outbound,Drydock,742300,3267.594118,93,42.3442697266998,-71.0271374144665
7420007,"  742",3,"  742_3",742,742,0,Route 742_3 outbound,Drydock,742300,3267.594118,94,42.3440041634836,-71.027143002253
7420007,"  742",3,"  742_3",742,742,0,Route 742_3 outbound,Drydock,742300,3267.594118,95,42.34388429416,-71.0343081333886
7420007,"  742",3,"  742_3",742,742,0,Route 742_3 outbound,Drydock,742300,3267.594118,96,42.3446728958359,-71.0343406250742
7420007,"  742",3,"  742_3",742,742,0,Route 742_3 outbound,Drydock,742300,3267.594118,97,42.344710833415,-71.0321233693771
7420007,"  742",3,"  742_3",742,742,0,Route 742_3 outbound,Drydock,742300,3267.594118,98,42.345086594562,-71.0318171904231
7420007,"  742",3,"  742_3",742,742,0,Route 742_3 outbound,Drydock,742300,3267.594118,99,42.3451367587319,-71.031929019044
7420007,"  742",3,"  742_3",742,742,0,Route 742_3 outbound,Drydock,742300,3267.594118,100,42.345170729001,-71.0320047456822
7420007,"  742",3,"  742_3",742,742,0,Route 742_3 outbound,Drydock,742300,3267.594118,101,42.3455994333725,-71.0329604477197
7420007,"  742",3,"  742_3",742,742,0,Route 742_3 outbound,Drydock,742300,3267.594118,102,42.3461464648577,-71.0341555249719
7420007,"  742",3,"  742_3",742,742,0,Route 742_3 outbound,Drydock,742300,3267.594118,103,42.3465030138363,-71.0349092252629
7420007,"  742",3,"  742_3",742,742,0,Route 742_3 outbound,Drydock,742300,3267.594118,104,42.3465532394195,-71.0350153978839
7420007,"  742",3,"  742_3",742,742,0,Route 742_3 outbound,Drydock,742300,3267.594118,105,42.3466915996445,-71.0351270217467
7420007,"  742",3,"  742_3",742,742,0,Route 742_3 outbound,Drydock,742300,3267.594118,106,42.3468037041378,-71.035220966621
7420007,"  742",3,"  742_3",742,742,0,Route 742_3 outbound,Drydock,742300,3267.594118,107,42.347014120441,-71.0354106553432
7420007,"  742",3,"  742_3",742,742,0,Route 742_3 outbound,Drydock,742300,3267.594118,108,42.3472812649792,-71.0356425080554
7420007,"  742",3,"  742_3",742,742,0,Route 742_3 outbound,Drydock,742300,3267.594118,109,42.3477412223194,-71.03603810908
7420007,"  742",3,"  742_3",742,742,0,Route 742_3 outbound,Drydock,742300,3267.594118,110,42.3477625674497,-71.0360584285008
7420007,"  742",3,"  742_3",742,742,0,Route 742_3 outbound,Drydock,742300,3267.594118,111,42.3478054522772,-71.0361481919889
7420007,"  742",3,"  742_3",742,742,0,Route 742_3 outbound,Drydock,742300,3267.594118,112,42.3478089191725,-71.0362546255308
7420007,"  742",3,"  742_3",742,742,0,Route 742_3 outbound,Drydock,742300,3267.594118,113,42.3477819081347,-71.0363346676921
7420007,"  742",3,"  742_3",742,742,0,Route 742_3 outbound,Drydock,742300,3267.594118,114,42.347730455801,-71.0363800842717
7420007,"  742",3,"  742_3",742,742,0,Route 742_3 outbound,Drydock,742300,3267.594118,115,42.3476515209407,-71.0363888464752
7420007,"  742",3,"  742_3",742,742,0,Route 742_3 outbound,Drydock,742300,3267.594118,116,42.3475845005053,-71.03634020927
7420007,"  742",3,"  742_3",742,742,0,Route 742_3 outbound,Drydock,742300,3267.594118,117,42.3468134663628,-71.037059294089
7420007,"  742",3,"  742_3",742,742,0,Route 742_3 outbound,Drydock,742300,3267.594118,118,42.347115949787,-71.0376477483023
7420007,"  742",3,"  742_3",742,742,0,Route 742_3 outbound,Drydock,742300,3267.594118,119,42.3471374391841,-71.0377049150849
7420007,"  742",3,"  742_3",742,742,0,Route 742_3 outbound,Drydock,742300,3267.594118,120,42.3471436787695,-71.0377458076255
7420007,"  742",3,"  742_3",742,742,0,Route 742_3 outbound,Drydock,742300,3267.594118,121,42.3471468434596,-71.0377785437487
7420007,"  742",3,"  742_3",742,742,0,Route 742_3 outbound,Drydock,742300,3267.594118,122,42.3471470080374,-71.0378194867467
7420007,"  742",3,"  742_3",742,742,0,Route 742_3 outbound,Drydock,742300,3267.594118,123,42.3471473536299,-71.0379054735971
7420007,"  742",3,"  742_3",742,742,0,Route 742_3 outbound,Drydock,742300,3267.594118,124,42.34714840641,-71.0381675143754
7420007,"  742",3,"  742_3",742,742,0,Route 742_3 outbound,Drydock,742300,3267.594118,125,42.3471380854199,-71.0386220853026
7420007,"  742",3,"  742_3",742,742,0,Route 742_3 outbound,Drydock,742300,3267.594118,126,42.3471377191241,-71.0388451947397
7420007,"  742",3,"  742_3",742,742,0,Route 742_3 outbound,Drydock,742300,3267.594118,127,42.3471368709137,-71.0393619781136
7420007,"  742",3,"  742_3",742,742,0,Route 742_3 outbound,Drydock,742300,3267.594118,128,42.3471416962267,-71.0395228482238
7420007,"  742",3,"  742_3",742,742,0,Route 742_3 outbound,Drydock,742300,3267.594118,129,42.3471537747794,-71.0397018839122
7420007,"  742",3,"  742_3",742,742,0,Route 742_3 outbound,Drydock,742300,3267.594118,130,42.3471849866736,-71.0398563154579
7420007,"  742",3,"  742_3",742,742,0,Route 742_3 outbound,Drydock,742300,3267.594118,131,42.3472429893597,-71.0400157116803
7420007,"  742",3,"  742_3",742,742,0,Route 742_3 outbound,Drydock,742300,3267.594118,132,42.3473329188648,-71.0402502874469
7420007,"  742",3,"  742_3",742,742,0,Route 742_3 outbound,Drydock,742300,3267.594118,133,42.3474188500526,-71.0404707633696
7420007,"  742",3,"  742_3",742,742,0,Route 742_3 outbound,Drydock,742300,3267.594118,134,42.347512987106,-71.0407169623475
7420007,"  742",3,"  742_3",742,742,0,Route 742_3 outbound,Drydock,742300,3267.594118,135,42.348032303064,-71.0419731216238
7420007,"  742",3,"  742_3",742,742,0,Route 742_3 outbound,Drydock,742300,3267.594118,136,42.3482974058413,-71.0425218982592
7420007,"  742",3,"  742_3",742,742,0,Route 742_3 outbound,Drydock,742300,3267.594118,137,42.3483415142492,-71.0426294797919
7420007,"  742",3,"  742_3",742,742,0,Route 742_3 outbound,Drydock,742300,3267.594118,138,42.3485371696449,-71.0430271113282
7420007,"  742",3,"  742_3",742,742,0,Route 742_3 outbound,Drydock,742300,3267.594118,139,42.3486863709902,-71.0432261099648
7420007,"  742",3,"  742_3",742,742,0,Route 742_3 outbound,Drydock,742300,3267.594118,140,42.3490937647612,-71.0436633335561
7420007,"  742",3,"  742_3",742,742,0,Route 742_3 outbound,Drydock,742300,3267.594118,141,42.3493366919458,-71.0437949665545
7420007,"  742",3,"  742_3",742,742,0,Route 742_3 outbound,Drydock,742300,3267.594118,142,42.350633231516,-71.0439709762923
7420007,"  742",3,"  742_3",742,742,0,Route 742_3 outbound,Drydock,742300,3267.594118,143,42.3506783418615,-71.043987161542
7420007,"  742",3,"  742_3",742,742,0,Route 742_3 outbound,Drydock,742300,3267.594118,144,42.3509312058844,-71.044190302764
7420007,"  742",3,"  742_3",742,742,0,Route 742_3 outbound,Drydock,742300,3267.594118,145,42.3511595821387,-71.0443954073632
7420007,"  742",3,"  742_3",742,742,0,Route 742_3 outbound,Drydock,742300,3267.594118,146,42.3513534084848,-71.0446207731461
7420007,"  742",3,"  742_3",742,742,0,Route 742_3 outbound,Drydock,742300,3267.594118,147,42.3514977937959,-71.0448531643226
7420007,"  742",3,"  742_3",742,742,0,Route 742_3 outbound,Drydock,742300,3267.594118,148,42.3524504215525,-71.0468138269953
7420007,"  742",3,"  742_3",742,742,0,Route 742_3 outbound,Drydock,742300,3267.594118,149,42.3526899738432,-71.0473456772994
7420007,"  742",3,"  742_3",742,742,0,Route 742_3 outbound,Drydock,742300,3267.594118,150,42.3529007786776,-71.0478540611671
7420007,"  742",3,"  742_3",742,742,0,Route 742_3 outbound,Drydock,742300,3267.594118,151,42.3529904464099,-71.0481915711159
7420007,"  742",3,"  742_3",742,742,0,Route 742_3 outbound,Drydock,742300,3267.594118,152,42.3530743243367,-71.0486311559222
7420007,"  742",3,"  742_3",742,742,0,Route 742_3 outbound,Drydock,742300,3267.594118,153,42.3531288586059,-71.049049708687
7420007,"  742",3,"  742_3",742,742,0,Route 742_3 outbound,Drydock,742300,3267.594118,154,42.3535280476184,-71.0518476766037
7420007,"  742",3,"  742_3",742,742,0,Route 742_3 outbound,Drydock,742300,3267.594118,155,42.353531993957,-71.0525721261518
7420007,"  742",3,"  742_3",742,742,0,Route 742_3 outbound,Drydock,742300,3267.594118,156,42.3535066770923,-71.05300718159
7420007,"  742",3,"  742_3",742,742,0,Route 742_3 outbound,Drydock,742300,3267.594118,157,42.3534550030789,-71.0534655610885
7420007,"  742",3,"  742_3",742,742,0,Route 742_3 outbound,Drydock,742300,3267.594118,158,42.3532549852654,-71.0541221948232
7420007,"  742",3,"  742_3",742,742,0,Route 742_3 outbound,Drydock,742300,3267.594118,159,42.3531741284615,-71.054331969253
7420007,"  742",3,"  742_3",742,742,0,Route 742_3 outbound,Drydock,742300,3267.594118,160,42.3529360888905,-71.0548857363755
7420007,"  742",3,"  742_3",742,742,0,Route 742_3 outbound,Drydock,742300,3267.594118,161,42.3528047596523,-71.0551186061473
7420007,"  742",3,"  742_3",742,742,0,Route 742_3 outbound,Drydock,742300,3267.594118,162,42.3526505453928,-71.0553477432319
